dataset,run_tag,feature_mode,delan_id,lstm_id,run_dir,split,H,delan_mse,delan_rmse,res_mse,res_rmse,rg_mse,rg_rmse,delan_joint_rmse_0,res_joint_rmse_0,rg_joint_rmse_0,delan_joint_rmse_1,res_joint_rmse_1,rg_joint_rmse_1,delan_joint_rmse_2,res_joint_rmse_2,rg_joint_rmse_2,delan_joint_rmse_3,res_joint_rmse_3,rg_joint_rmse_3,delan_joint_rmse_4,res_joint_rmse_4,rg_joint_rmse_4,delan_joint_rmse_5,res_joint_rmse_5,rg_joint_rmse_5,metrics_path
ur5,boxPlots,full,struct_s4_ep200,s4_H50_ep60_b64_u128_do0p2,ur5__boxPlots__delan_struct_s4_ep200__feat_full__lstm_s4_H50_ep60_b64_u128_do0p2,test,50,5.173201560974121,2.2744672298431396,1.466897964477539,1.211155652999878,1.466897964477539,1.211155652999878,1.2972291707992554,1.0164918899536133,1.0164917707443237,5.2675676345825195,2.5443952083587646,2.5443954467773438,1.1247258186340332,0.9958055019378662,0.9958053827285767,0.4938233196735382,0.4900561273097992,0.4900561273097992,0.30676254630088806,0.2411290556192398,0.2411290556192398,0.07847809046506882,0.0651906207203865,0.0651906207203865,/workspace/shared/evaluation/ur5__boxPlots__delan_struct_s4_ep200__feat_full__lstm_s4_H50_ep60_b64_u128_do0p2/metrics_test_H50.txt
ur5,classPipe,full,struct_s4_ep200,s4_H50_ep60_b64_u128_do0p2,ur5__classPipe__delan_struct_s4_ep200__feat_full__lstm_s4_H50_ep60_b64_u128_do0p2,test,50,5.173201560974121,2.2744672298431396,1.626175045967102,1.275215744972229,1.626175045967102,1.275215744972229,1.2972291707992554,1.0177333354949951,1.0177333354949951,5.2675676345825195,2.722032070159912,2.722031831741333,1.1247258186340332,0.9705610871315002,0.9705610871315002,0.4938233196735382,0.5481959581375122,0.5481958985328674,0.30676254630088806,0.2546912729740143,0.2546912729740143,0.07847809046506882,0.06661055982112885,0.06661055982112885,/workspace/shared/evaluation/ur5__classPipe__delan_struct_s4_ep200__feat_full__lstm_s4_H50_ep60_b64_u128_do0p2/metrics_test_H50.txt
