dataset,run_tag,feature_mode,delan_id,lstm_id,run_dir,split,H,delan_mse,delan_rmse,res_mse,res_rmse,rg_mse,rg_rmse,delan_joint_rmse_0,res_joint_rmse_0,rg_joint_rmse_0,delan_joint_rmse_1,res_joint_rmse_1,rg_joint_rmse_1,delan_joint_rmse_2,res_joint_rmse_2,rg_joint_rmse_2,delan_joint_rmse_3,res_joint_rmse_3,rg_joint_rmse_3,delan_joint_rmse_4,res_joint_rmse_4,rg_joint_rmse_4,delan_joint_rmse_5,res_joint_rmse_5,rg_joint_rmse_5,metrics_path,backend,gain,gain_ratio,feature_backend,joint_gain_0,joint_gain_ratio_0,joint_gain_1,joint_gain_ratio_1,joint_gain_2,joint_gain_ratio_2,joint_gain_3,joint_gain_ratio_3,joint_gain_4,joint_gain_ratio_4,joint_gain_5,joint_gain_ratio_5
delan_UR3_Load0_combined_26,A,full,jax_struct_s4_ep2000_actsoftplus_b1024_lr1e-4_wd1e-5_w128_d2,s4_H100_ep60_b64_u128_do0p2,delan_UR3_Load0_combined_26__A__delan_jax_struct_s4_ep2000_actsoftplus_b1024_lr1e-4_wd1e-5_w128_d2__feat_full__lstm_s4_H100_ep60_b64_u128_do0p2,test,100,0.18976008892059326,0.43561461567878723,0.06086641922593117,0.24671120941638947,0.06086641177535057,0.24671119451522827,0.39482665061950684,0.23084114491939545,0.23084114491939545,0.7506293058395386,0.4002036452293396,0.4002036452293396,0.48231762647628784,0.30119407176971436,0.30119407176971436,0.2424566149711609,0.1437099575996399,0.1437099426984787,0.24778741598129272,0.15685918927192688,0.15685920417308807,0.2577008605003357,0.12558285892009735,0.12558285892009735,/workspace/shared/evaluation/delan_UR3_Load0_combined_26__A__delan_jax_struct_s4_ep2000_actsoftplus_b1024_lr1e-4_wd1e-5_w128_d2__feat_full__lstm_s4_H100_ep60_b64_u128_do0p2/metrics_test_H100.txt,jax,0.18890342116355896,0.5663519671643611,full|jax,0.1639855057001114,0.58466454723153,0.350425660610199,0.5331575014670301,0.1811235547065735,0.6244724539100417,0.09874667227268219,0.5927243631425455,0.09092821180820465,0.6330394283821521,0.13211800158023834,0.4873202932899549
