dataset,run_tag,feature_mode,delan_id,lstm_id,run_dir,split,H,delan_mse,delan_rmse,res_mse,res_rmse,rg_mse,rg_rmse,delan_joint_rmse_0,res_joint_rmse_0,rg_joint_rmse_0,delan_joint_rmse_1,res_joint_rmse_1,rg_joint_rmse_1,delan_joint_rmse_2,res_joint_rmse_2,rg_joint_rmse_2,delan_joint_rmse_3,res_joint_rmse_3,rg_joint_rmse_3,delan_joint_rmse_4,res_joint_rmse_4,rg_joint_rmse_4,delan_joint_rmse_5,res_joint_rmse_5,rg_joint_rmse_5,metrics_path,backend,gain,gain_ratio,feature_backend,joint_gain_0,joint_gain_ratio_0,joint_gain_1,joint_gain_ratio_1,joint_gain_2,joint_gain_ratio_2,joint_gain_3,joint_gain_ratio_3,joint_gain_4,joint_gain_ratio_4,joint_gain_5,joint_gain_ratio_5
ur5,A,full,jax_struct_s4_ep200,s4_H50_ep60_b64_u128_do0p2,ur5__A__delan_jax_struct_s4_ep200__feat_full__lstm_s4_H50_ep60_b64_u128_do0p2,test,50,5.173201560974121,2.2744672298431396,1.5242472887039185,1.2346041202545166,1.5242472887039185,1.2346041202545166,1.2972291707992554,0.9944859743118286,0.9944859743118286,5.2675676345825195,2.6055727005004883,2.6055729389190674,1.1247258186340332,1.0020281076431274,1.0020281076431274,0.4938233196735382,0.5438070893287659,0.5438070893287659,0.30676254630088806,0.2523629367351532,0.2523629367351532,0.07847809046506882,0.06321412324905396,0.06321412324905396,/workspace/shared/evaluation/ur5__A__delan_jax_struct_s4_ep200__feat_full__lstm_s4_H50_ep60_b64_u128_do0p2/metrics_test_H50.txt,jax,1.039863109588623,0.5428102476286994,full|jax,0.30274319648742676,0.7666231971172071,2.661994695663452,0.49464442028480415,0.12269771099090576,0.8909087806484955,-0.04998376965522766,1.1012179207905197,0.05439960956573486,0.8226654126401174,0.015263967216014862,0.8055002724256018
