epoch,time_s,loss,inverse_mean,forward_mean,energy_mean
1,5.249571925000055,24751.349609375,24751.349609375,6.552420139312744,3292.447998046875
50,8.333339085999796,13.794708251953125,13.794708251953125,27.413532257080078,19.544296264648438
100,10.00746974699996,3.6730539798736572,3.6730539798736572,104.0487289428711,8.870131492614746
150,11.643796639999891,1.622734785079956,1.622734785079956,193.5371856689453,4.741881370544434
200,13.206665601000168,0.8244872093200684,0.8244872093200684,288.9840393066406,2.185497999191284
250,14.902547052000045,0.5545188784599304,0.5545188784599304,620.1494750976562,1.4586155414581299
300,16.564195556999948,0.4576606750488281,0.4576606750488281,1649.145751953125,1.2790241241455078
