epoch,time_s,loss,inverse_mean,forward_mean,energy_mean
1,5.494887612003367,24751.349609375,24751.349609375,6.552420139312744,3292.447998046875
50,8.545585598003527,13.794044494628906,13.794044494628906,27.41537857055664,19.545223236083984
100,10.193875281001965,3.6730735301971436,3.6730735301971436,104.04849243164062,8.870345115661621
150,11.832485273000202,1.6228101253509521,1.6228101253509521,193.6031494140625,4.741363525390625
200,13.476233048000722,0.8240664005279541,0.8240664005279541,288.8824157714844,2.1847734451293945
250,15.123718333998113,0.5547924041748047,0.5547924041748047,617.1187744140625,1.4582597017288208
300,16.81825616000424,0.4578845202922821,0.4578845202922821,1657.9093017578125,1.27876615524292
